함박스테이크	/static/images/generated/refreshed/hambak-steak.jpg
탕수육	/static/images/generated/refreshed/tangsuyuk.jpg
수제비	/static/images/generated/refreshed/sujebi.jpg
순대국밥	/static/images/generated/refreshed/sundae-gukbap.jpg
소머리국밥	/static/images/generated/refreshed/somori-gukbap.jpg
우거지해장국	/static/images/generated/refreshed/ugeoji-haejangguk.jpg
황태해장국	/static/images/generated/refreshed/hwangtae-haejangguk.jpg
곰탕	/static/images/generated/refreshed/gomtang.jpg
장터국밥	/static/images/generated/refreshed/jangteo-gukbap.jpg
얼큰소고기국밥	/static/images/generated/refreshed/eolkeun-sogogi-gukbap.jpg
부산돼지국밥	/static/images/generated/refreshed/busan-dwaeji-gukbap.jpg
밀양돼지국밥	/static/images/generated/refreshed/miryang-dwaeji-gukbap.jpg
수육국밥	/static/images/generated/refreshed/suyuk-gukbap.jpg
참치김치찌개	/static/images/generated/refreshed/tuna-kimchi-jjigae.jpg
꽁치김치찌개	/static/images/generated/refreshed/saury-kimchi-jjigae.jpg
돼지고기김치찌개	/static/images/generated/refreshed/pork-kimchi-jjigae.jpg
차돌된장찌개	/static/images/generated/refreshed/chadol-doenjang-jjigae.jpg
해물된장찌개	/static/images/generated/refreshed/seafood-doenjang-jjigae.jpg
해물순두부찌개	/static/images/generated/refreshed/seafood-sundubu-jjigae.jpg
차돌순두부찌개	/static/images/generated/refreshed/chadol-sundubu-jjigae.jpg
햄부대찌개	/static/images/generated/refreshed/ham-budae-jjigae.jpg
스팸부대찌개	/static/images/generated/refreshed/spam-budae-jjigae.jpg
알탕	/static/images/generated/refreshed/altang.jpg
대구탕	/static/images/generated/refreshed/daegu-tang.jpg
꽃게탕	/static/images/generated/refreshed/flower-crab-tang.jpg
매운탕	/static/images/generated/refreshed/spicy-fish-soup.jpg
오징어찌개	/static/images/generated/refreshed/squid-jjigae.jpg
돼지짜글이	/static/images/generated/refreshed/pork-jjageuli.jpg
두부짜글이	/static/images/generated/refreshed/tofu-jjageuli.jpg
고추장찌개	/static/images/generated/refreshed/gochujang-jjigae.jpg
열무국수	/static/images/generated/refreshed/young-radish-noodles.jpg
김치말이국수	/static/images/generated/refreshed/kimchi-mari-guksu.jpg
멸치국수	/static/images/generated/refreshed/anchovy-guksu.jpg
