낙지덮밥	/static/images/generated/refreshed/nakji-deopbap.jpg
쭈꾸미덮밥	/static/images/generated/refreshed/jjukkumi-deopbap.jpg
닭갈비덮밥	/static/images/generated/refreshed/dakgalbi-deopbap.jpg
치킨마요덮밥	/static/images/generated/refreshed/chicken-mayo-deopbap.jpg
참치마요덮밥	/static/images/generated/refreshed/tuna-mayo-deopbap.jpg
스팸마요덮밥	/static/images/generated/refreshed/spam-mayo-deopbap.jpg
돈가스덮밥	/static/images/generated/refreshed/donkatsu-deopbap.jpg
소고기덮밥	/static/images/generated/refreshed/beef-deopbap.jpg
고추장불고기	/static/images/generated/refreshed/gochujang-bulgogi.jpg
간장불고기	/static/images/generated/refreshed/soy-bulgogi.jpg
돼지불백	/static/images/generated/refreshed/dwaeji-bulbaek.jpg
소불고기	/static/images/generated/refreshed/so-bulgogi.jpg
오징어볶음	/static/images/generated/refreshed/ojingeo-bokkeum.jpg
쭈꾸미볶음	/static/images/generated/refreshed/jjukkumi-bokkeum.jpg
철판닭갈비	/static/images/generated/refreshed/cheolpan-dakgalbi.jpg
돼지두루치기	/static/images/generated/refreshed/dwaeji-duruchigi.jpg
김치두루치기	/static/images/generated/refreshed/kimchi-duruchigi.jpg
오삼불고기	/static/images/generated/refreshed/osam-bulgogi.jpg
보쌈정식	/static/images/generated/refreshed/bossam-set.jpg
수육정식	/static/images/generated/refreshed/suyuk-set.jpg
돼지갈비정식	/static/images/generated/refreshed/pork-galbi-set.jpg
치즈돈가스	/static/images/generated/refreshed/cheese-donkatsu.jpg
생선가스	/static/images/generated/refreshed/fish-katsu.jpg
백반	/static/images/generated/refreshed/baekban.jpg
참치김밥	/static/images/generated/refreshed/tuna-gimbap.jpg
치즈김밥	/static/images/generated/refreshed/cheese-gimbap.jpg
돈가스김밥	/static/images/generated/refreshed/donkatsu-gimbap.jpg
제육김밥	/static/images/generated/refreshed/jeyuk-gimbap.jpg
충무김밥	/static/images/generated/refreshed/chungmu-gimbap.jpg
국물떡볶이	/static/images/generated/refreshed/gukmul-tteokbokki.jpg
순대	/static/images/generated/refreshed/sundae.jpg
모둠튀김	/static/images/generated/refreshed/assorted-fritters.jpg
어묵탕	/static/images/generated/refreshed/eomuk-tang.jpg
쟁반짜장	/static/images/generated/refreshed/jaengban-jjajang.jpg
삼선짬뽕	/static/images/generated/refreshed/samseon-jjamppong.jpg
볶음짬뽕	/static/images/generated/refreshed/bokkeum-jjamppong.jpg
탕수육 정식	/static/images/generated/refreshed/tangsuyuk-set.jpg
마파두부밥	/static/images/generated/refreshed/mapo-tofu-rice.jpg
모둠초밥	/static/images/generated/refreshed/assorted-sushi.jpg
회정식	/static/images/generated/refreshed/hoe-set.jpg
우동정식	/static/images/generated/refreshed/udon-set.jpg
돈부리	/static/images/generated/refreshed/donburi.jpg
