순두부찌개|/static/images/generated/refreshed/sundubu-jjigae.jpg
간짜장|/static/images/generated/refreshed/gan-jjajang.jpg
케밥|/static/images/generated/refreshed/doner-kebab-wrap.jpg
북엇국|/static/images/generated/refreshed/bugeotguk.jpg
바지락칼국수|/static/images/generated/refreshed/barijarak-kalguksu.jpg
닭칼국수|/static/images/generated/refreshed/dak-kalguksu.jpg
들깨칼국수|/static/images/generated/refreshed/perilla-kalguksu.jpg
장칼국수|/static/images/generated/refreshed/jang-kalguksu.jpg
쫄면|/static/images/generated/refreshed/jjolmyeon.jpg
물막국수|/static/images/generated/refreshed/mul-makguksu.jpg
물냉면|/static/images/generated/refreshed/mul-naengmyeon.jpg
비빔냉면|/static/images/generated/refreshed/bibim-naengmyeon.jpg
비빔밀면|/static/images/generated/refreshed/bibim-milmyeon.jpg
메밀소바|/static/images/generated/refreshed/memil-soba.jpg
판모밀|/static/images/generated/refreshed/pan-memil.jpg
김치우동|/static/images/generated/refreshed/kimchi-udon.jpg
튀김우동|/static/images/generated/refreshed/tempura-udon.jpg
돌솥비빔밥|/static/images/generated/refreshed/dolsot-bibimbap.jpg
전주비빔밥|/static/images/generated/refreshed/jeonju-bibimbap.jpg
산채비빔밥|/static/images/generated/refreshed/sanchae-bibimbap.jpg
육회비빔밥|/static/images/generated/refreshed/yukhoe-bibimbap.jpg
알밥|/static/images/generated/refreshed/albap.jpg
새우볶음밥|/static/images/generated/refreshed/shrimp-fried-rice.jpg
야채볶음밥|/static/images/generated/refreshed/vegetable-fried-rice.jpg
카레라이스|/static/images/generated/refreshed/curry-rice.jpg
하이라이스|/static/images/generated/refreshed/hayashi-rice.jpg
짜장밥|/static/images/generated/refreshed/jjajang-rice.jpg
제육덮밥|/static/images/generated/refreshed/jeyuk-deopbap.jpg
불고기덮밥|/static/images/generated/refreshed/bulgogi-deopbap.jpg
오징어덮밥|/static/images/generated/refreshed/ojingeo-deopbap.jpg
